theme,foreground,background,ratio,threshold,required,passed
dark,text,canvas,13.7869,4.5,True,True
dark,text,surface,12.1985,4.5,True,True
dark,text,raised,10.4857,4.5,True,True
dark,text,sunken,14.5449,4.5,True,True
dark,muted,canvas,9.1462,4.5,True,True
dark,muted,surface,8.0924,4.5,True,True
dark,muted,raised,6.9562,4.5,True,True
dark,muted,sunken,9.6491,4.5,True,True
dark,ok,canvas,9.8786,4.5,True,True
dark,ok,surface,8.7405,4.5,True,True
dark,ok,raised,7.5133,4.5,True,True
dark,ok,sunken,10.4218,4.5,True,True
dark,warn,canvas,10.8245,4.5,True,True
dark,warn,surface,9.5774,4.5,True,True
dark,warn,raised,8.2327,4.5,True,True
dark,warn,sunken,11.4197,4.5,True,True
dark,critical,canvas,8.7799,4.5,True,True
dark,critical,surface,7.7684,4.5,True,True
dark,critical,raised,6.6777,4.5,True,True
dark,critical,sunken,9.2627,4.5,True,True
dark,info,canvas,9.1286,4.5,True,True
dark,info,surface,8.0769,4.5,True,True
dark,info,raised,6.9429,4.5,True,True
dark,info,sunken,9.6306,4.5,True,True
dark,unknown,canvas,9.1462,4.5,True,True
dark,unknown,surface,8.0924,4.5,True,True
dark,unknown,raised,6.9562,4.5,True,True
dark,unknown,sunken,9.6491,4.5,True,True
dark,mono,canvas,13.7869,4.5,True,True
dark,mono,surface,12.1985,4.5,True,True
dark,mono,raised,10.4857,4.5,True,True
dark,mono,sunken,14.5449,4.5,True,True
dark,cyan,canvas,10.3531,4.5,True,True
dark,cyan,surface,9.1603,4.5,True,True
dark,cyan,raised,7.8742,4.5,True,True
dark,cyan,sunken,10.9224,4.5,True,True
dark,violet,canvas,8.7476,4.5,True,True
dark,violet,surface,7.7398,4.5,True,True
dark,violet,raised,6.653,4.5,True,True
dark,violet,sunken,9.2285,4.5,True,True
dark,emerald,canvas,9.8786,4.5,True,True
dark,emerald,surface,8.7405,4.5,True,True
dark,emerald,raised,7.5133,4.5,True,True
dark,emerald,sunken,10.4218,4.5,True,True
dark,amber,canvas,10.8245,4.5,True,True
dark,amber,surface,9.5774,4.5,True,True
dark,amber,raised,8.2327,4.5,True,True
dark,amber,sunken,11.4197,4.5,True,True
dark,lapis,canvas,9.1286,4.5,True,True
dark,lapis,surface,8.0769,4.5,True,True
dark,lapis,raised,6.9429,4.5,True,True
dark,lapis,sunken,9.6306,4.5,True,True
dark,copper,canvas,9.6217,4.5,True,True
dark,copper,surface,8.5131,4.5,True,True
dark,copper,raised,7.3178,4.5,True,True
dark,copper,sunken,10.1507,4.5,True,True
dark,boundary,canvas,5.3547,3,True,True
dark,boundary,surface,4.7378,3,True,True
dark,boundary,raised,4.0726,3,True,True
dark,boundary,sunken,5.6492,3,True,True
dark,borderQuiet,canvas,1.5954,4.5,False,False
dark,borderQuiet,surface,1.4116,4.5,False,False
dark,borderQuiet,raised,1.2134,4.5,False,False
dark,borderQuiet,sunken,1.6831,4.5,False,False
dark,onAccent,mono,14.5449,4.5,True,True
dark,onAccent,cyan,10.9224,4.5,True,True
dark,onAccent,violet,9.2285,4.5,True,True
dark,onAccent,emerald,10.4218,4.5,True,True
dark,onAccent,amber,11.4197,4.5,True,True
dark,onAccent,lapis,9.6306,4.5,True,True
dark,onAccent,copper,10.1507,4.5,True,True
light,text,canvas,14.6992,4.5,True,True
light,text,surface,16.0955,4.5,True,True
light,text,raised,16.0955,4.5,True,True
light,text,sunken,13.503,4.5,True,True
light,muted,canvas,6.6125,4.5,True,True
light,muted,surface,7.2407,4.5,True,True
light,muted,raised,7.2407,4.5,True,True
light,muted,sunken,6.0744,4.5,True,True
light,ok,canvas,5.6941,4.5,True,True
light,ok,surface,6.235,4.5,True,True
light,ok,raised,6.235,4.5,True,True
light,ok,sunken,5.2307,4.5,True,True
light,warn,canvas,6.1767,4.5,True,True
light,warn,surface,6.7634,4.5,True,True
light,warn,raised,6.7634,4.5,True,True
light,warn,sunken,5.674,4.5,True,True
light,critical,canvas,5.9265,4.5,True,True
light,critical,surface,6.4895,4.5,True,True
light,critical,raised,6.4895,4.5,True,True
light,critical,sunken,5.4442,4.5,True,True
light,info,canvas,6.1736,4.5,True,True
light,info,surface,6.76,4.5,True,True
light,info,raised,6.76,4.5,True,True
light,info,sunken,5.6711,4.5,True,True
light,unknown,canvas,5.8293,4.5,True,True
light,unknown,surface,6.383,4.5,True,True
light,unknown,raised,6.383,4.5,True,True
light,unknown,sunken,5.3549,4.5,True,True
light,mono,canvas,14.6992,4.5,True,True
light,mono,surface,16.0955,4.5,True,True
light,mono,raised,16.0955,4.5,True,True
light,mono,sunken,13.503,4.5,True,True
light,cyan,canvas,5.5912,4.5,True,True
light,cyan,surface,6.1224,4.5,True,True
light,cyan,raised,6.1224,4.5,True,True
light,cyan,sunken,5.1362,4.5,True,True
light,violet,canvas,7.0984,4.5,True,True
light,violet,surface,7.7727,4.5,True,True
light,violet,raised,7.7727,4.5,True,True
light,violet,sunken,6.5207,4.5,True,True
light,emerald,canvas,5.6941,4.5,True,True
light,emerald,surface,6.235,4.5,True,True
light,emerald,raised,6.235,4.5,True,True
light,emerald,sunken,5.2307,4.5,True,True
light,amber,canvas,6.1767,4.5,True,True
light,amber,surface,6.7634,4.5,True,True
light,amber,raised,6.7634,4.5,True,True
light,amber,sunken,5.674,4.5,True,True
light,lapis,canvas,6.1736,4.5,True,True
light,lapis,surface,6.76,4.5,True,True
light,lapis,raised,6.76,4.5,True,True
light,lapis,sunken,5.6711,4.5,True,True
light,copper,canvas,6.0293,4.5,True,True
light,copper,surface,6.602,4.5,True,True
light,copper,raised,6.602,4.5,True,True
light,copper,sunken,5.5386,4.5,True,True
light,boundary,canvas,4.2198,3,True,True
light,boundary,surface,4.6206,3,True,True
light,boundary,raised,4.6206,3,True,True
light,boundary,sunken,3.8763,3,True,True
light,borderQuiet,canvas,1.2976,4.5,False,False
light,borderQuiet,surface,1.4209,4.5,False,False
light,borderQuiet,raised,1.4209,4.5,False,False
light,borderQuiet,sunken,1.192,4.5,False,False
light,onAccent,mono,16.0955,4.5,True,True
light,onAccent,cyan,6.1224,4.5,True,True
light,onAccent,violet,7.7727,4.5,True,True
light,onAccent,emerald,6.235,4.5,True,True
light,onAccent,amber,6.7634,4.5,True,True
light,onAccent,lapis,6.76,4.5,True,True
light,onAccent,copper,6.602,4.5,True,True
